--
-- PostgreSQL database dump
--

-- Dumped from database version 13.9
-- Dumped by pg_dump version 13.9

SET statement_timeout = 0;
SET lock_timeout = 0;
SET idle_in_transaction_session_timeout = 0;
SET client_encoding = 'UTF8';
SET standard_conforming_strings = on;
SELECT pg_catalog.set_config('search_path', '', false);
SET check_function_bodies = false;
SET xmloption = content;
SET client_min_messages = warning;
SET row_security = off;

--
-- Name: schema_name; Type: SCHEMA; Schema: -; Owner: postgres
--

CREATE SCHEMA schema_name;


ALTER SCHEMA schema_name OWNER TO postgres;

--
-- Name: adminpack; Type: EXTENSION; Schema: -; Owner: -
--

CREATE EXTENSION IF NOT EXISTS adminpack WITH SCHEMA pg_catalog;


--
-- Name: EXTENSION adminpack; Type: COMMENT; Schema: -; Owner: 
--

COMMENT ON EXTENSION adminpack IS 'administrative functions for PostgreSQL';


SET default_tablespace = '';

SET default_table_access_method = heap;

--
-- Name: favourite_heroes; Type: TABLE; Schema: public; Owner: postgres
--

CREATE TABLE public.favourite_heroes
(
    id           integer       NOT NULL,
    hero         character(19) NOT NULL,
    strength     integer       NOT NULL,
    agility      integer       NOT NULL,
    intelligence integer       NOT NULL
);


ALTER TABLE public.favourite_heroes
    OWNER TO postgres;

--
-- Name: many_to_many; Type: TABLE; Schema: public; Owner: postgres
--

CREATE TABLE public.many_to_many
(
    player_id integer          NOT NULL,
    hero_id   integer          NOT NULL,
    matches   integer          NOT NULL,
    win_rate  character(6)     NOT NULL,
    kda       double precision NOT NULL,
    lane      character(9)     NOT NULL
);


ALTER TABLE public.many_to_many
    OWNER TO postgres;

--
-- Name: match; Type: TABLE; Schema: public; Owner: postgres
--

CREATE TABLE public.match
(
    id     BIGINT       NOT NULL,
    hero   character(19) NOT NULL,
    result character(11) NOT NULL,
    length character(7)  NOT NULL,
    kda    character(8)  NOT NULL
);


ALTER TABLE public.match
    OWNER TO postgres;

--
-- Name: one_to_many; Type: TABLE; Schema: public; Owner: postgres
--

CREATE TABLE public.one_to_many
(
    player_id INTEGER NOT NULL,
    match_id  BIGINT NOT NULL
);


ALTER TABLE public.one_to_many
    OWNER TO postgres;

--
-- Name: top_players; Type: TABLE; Schema: public; Owner: postgres
--

CREATE TABLE public.top_players
(
    id       integer       NOT NULL,
    name     character(30) NOT NULL,
    region   character(7)  NOT NULL,
    win_rate character(6)  NOT NULL,
    lane     character(9)  NOT NULL
);


ALTER TABLE public.top_players
    OWNER TO postgres;

--
-- Name: top_players_id_seq; Type: SEQUENCE; Schema: public; Owner: postgres
--

CREATE SEQUENCE public.top_players_id_seq
    AS integer
    START WITH 1
    INCREMENT BY 1
    NO MINVALUE
    NO MAXVALUE
    CACHE 1;


ALTER TABLE public.top_players_id_seq
    OWNER TO postgres;

--
-- Name: top_players_id_seq; Type: SEQUENCE OWNED BY; Schema: public; Owner: postgres
--

ALTER SEQUENCE public.top_players_id_seq OWNED BY public.top_players.id;


--
-- Name: top_players id; Type: DEFAULT; Schema: public; Owner: postgres
--

ALTER TABLE ONLY public.top_players
    ALTER COLUMN id SET DEFAULT nextval('public.top_players_id_seq'::regclass);


--
-- Data for Name: favourite_heroes; Type: TABLE DATA; Schema: public; Owner: postgres
--

INSERT INTO public.favourite_heroes (id, hero, strength, agility, intelligence)
VALUES (1, 'Morphling', 22, 22, 19),
       (2, 'Faceless Void', 20, 20, 15),
       (3, 'Monkey King', 18, 18, 20),
       (4, 'Juggernaut', 20, 20, 14),
       (5, 'Terrorblade', 16, 16, 19),
       (6, 'Phantom Assassin', 19, 19, 15),
       (7, 'Slark', 20, 20, 16),
       (8, 'Phantom Lancer', 19, 19, 21),
       (9, 'Anti-Mage', 21, 21, 12),
       (10, 'Lifestealer', 25, 25, 15),
       (11, 'Shadow Fiend', 19, 19, 18),
       (12, 'Templar Assassin', 21, 21, 20),
       (13, 'Storm Spirit', 21, 21, 23),
       (14, 'Troll Warlord ', 21, 21, 13),
       (15, 'Lina', 20, 20, 30),
       (16, 'Luna', 21, 21, 23),
       (17, 'Treant Protector', 25, 25, 20),
       (18, 'Spirit Breaker', 28, 28, 14),
       (19, 'Bane', 22, 22, 22),
       (20, 'Timbersaw', 25, 25, 23),
       (21, 'Doom', 24, 24, 15),
       (22, 'Slardar', 21, 21, 15),
       (23, 'Earthshaker', 22, 22, 18),
       (24, 'Undying', 22, 22, 27),
       (25, 'Huskar', 20, 20, 18),
       (26, 'Tinker', 19, 19, 30),
       (27, 'Ember Spirit', 22, 22, 20),
       (28, 'Puck', 17, 17, 23),
       (29, 'Kunkka', 24, 24, 18),
       (30, 'Alchemist', 23, 23, 25),
       (31, 'Invoker', 18, 18, 15),
       (32, 'Outworld Destroyer', 21, 21, 30),
       (33, 'Wraith King ', 22, 22, 18),
       (34, 'Naga Siren', 21, 21, 21),
       (35, 'Leshrac', 20, 20, 22),
       (36, 'Tusk', 23, 23, 18),
       (37, 'Drow Ranger', 16, 16, 15),
       (38, 'Queen of Pain', 18, 18, 25),
       (39, 'Pangolier', 17, 17, 16),
       (40, 'Tiny', 30, 0, 17),
       (41, 'Mars', 23, 23, 21),
       (42, 'Centaur Warrunner', 27, 27, 15),
       (43, 'Pudge', 25, 25, 16),
       (44, 'Sand King ', 22, 22, 19),
       (45, 'Enigma', 21, 21, 19),
       (46, 'Nature`s Prophet', 21, 21, 23),
       (47, 'Void Spirit ', 22, 22, 24),
       (48, 'Batrider', 28, 28, 22),
       (49, 'Windranger', 18, 18, 18),
       (50, 'Bloodseeker ', 24, 24, 17),
       (51, 'Visage', 22, 22, 22),
       (52, 'Earth Spirit', 22, 22, 20),
       (53, 'Meepo ', 24, 24, 20),
       (54, 'Lone Druid', 18, 18, 13),
       (55, 'Zeus', 19, 19, 22),
       (56, 'Rubick', 21, 21, 25),
       (57, 'Death Prophet ', 21, 21, 24),
       (58, 'Ursa', 25, 25, 16),
       (59, 'Mirana', 18, 18, 22),
       (60, 'Necrophos ', 18, 18, 21),
       (61, 'Broodmother ', 18, 18, 18),
       (62, 'Skywrath Mage ', 21, 21, 25),
       (63, 'Lion', 18, 18, 18),
       (64, 'Bounty Hunter ', 20, 20, 22);


--
-- Data for Name: many_to_many; Type: TABLE DATA; Schema: public; Owner: postgres
--

INSERT INTO public.many_to_many (player_id, hero_id, matches, win_rate, kda, lane)
VALUES (1, 1, 785, '56.94%', 4.43, 'Safe Lane'),
       (1, 2, 492, '59.35%', 4.75, 'Safe Lane'),
       (1, 3, 377, '56.23%', 4.23, 'Safe Lane'),
       (1, 4, 375, '60.80%', 4.66, 'Safe Lane'),
       (1, 5, 334, '53.59%', 4.03, 'Safe Lane'),
       (1, 6, 333, '53.45%', 4.44, 'Safe Lane'),
       (1, 7, 330, '52.73%', 3.93, 'Safe Lane'),
       (1, 8, 316, '55.70%', 3.96, 'Safe Lane'),
       (1, 9, 302, '57.28%', 4.31, 'Safe Lane'),
       (1, 10, 252, '51.59%', 4.42, 'Safe Lane'),
       (2, 11, 595, '53.28%', 3.37, 'Mid Lane '),
       (2, 12, 385, '65.45%', 4.91, 'Mid Lane '),
       (2, 13, 320, '60.31%', 3.97, 'Mid Lane '),
       (2, 14, 234, '54.27%', 4.17, 'Safe Lane'),
       (2, 4, 220, '56.36%', 4.22, 'Safe Lane'),
       (2, 5, 206, '59.71%', 4.22, 'Safe Lane'),
       (2, 15, 189, '54.50%', 3.21, 'Mid Lane '),
       (2, 9, 169, '49.11%', 3.55, 'Safe Lane'),
       (2, 16, 157, '61.78%', 4.37, 'Safe Lane'),
       (2, 2, 154, '61.69%', 5.59, 'Safe Lane'),
       (3, 17, 325, '57.23%', 3.34, 'Safe Lane'),
       (3, 2, 254, '64.57%', 4.3, 'Off Lane '),
       (3, 18, 164, '66.46%', 3.55, 'Roaming'),
       (3, 19, 160, '55.62%', 2.21, 'Safe Lane'),
       (3, 20, 129, '54.26%', 3.12, 'Off Lane '),
       (3, 21, 123, '55.28%', 3.09, 'Off Lane '),
       (3, 22, 106, '55.66%', 3.19, 'Off Lane '),
       (3, 23, 102, '60.78%', 3.21, 'Off Lane '),
       (3, 24, 102, '54.90%', 3.03, 'Safe Lane'),
       (3, 10, 101, '61.39%', 4.99, 'Safe Lane'),
       (4, 14, 160, '57.50%', 3.4, 'Safe Lane'),
       (4, 1, 124, '51.61%', 3.06, 'Safe Lane'),
       (4, 4, 117, '57.26%', 4.09, 'Safe Lane'),
       (4, 5, 82, '67.07%', 4.05, 'Safe Lane'),
       (4, 9, 74, '66.22%', 5.55, 'Safe Lane'),
       (4, 3, 72, '58.33%', 3.84, 'Safe Lane'),
       (4, 12, 70, '64.29%', 4.86, 'Mid Lane '),
       (4, 10, 67, '49.25%', 5.15, 'Safe Lane'),
       (4, 25, 65, '67.69%', 2.64, 'Mid Lane '),
       (4, 7, 63, '57.14%', 4.14, 'Safe Lane'),
       (5, 26, 443, '67.49%', 4.43, 'Mid Lane '),
       (5, 27, 282, '64.18%', 5.03, 'Mid Lane '),
       (5, 28, 265, '60.00%', 5.26, 'Mid Lane '),
       (5, 13, 244, '56.97%', 4.08, 'Mid Lane '),
       (5, 29, 242, '60.33%', 4.27, 'Mid Lane '),
       (5, 30, 241, '71.78%', 4.48, 'Mid Lane '),
       (5, 12, 207, '68.12%', 5.31, 'Mid Lane '),
       (5, 31, 206, '52.91%', 3.82, 'Mid Lane '),
       (5, 32, 197, '65.48%', 4.66, 'Mid Lane '),
       (5, 11, 179, '54.19%', 3.52, 'Mid Lane '),
       (6, 1, 211, '61.61%', 3.43, 'Safe Lane'),
       (6, 27, 127, '53.54%', 3.9, 'Mid Lane '),
       (6, 29, 114, '57.89%', 3.76, 'Mid Lane '),
       (6, 26, 102, '45.10%', 2.63, 'Mid Lane '),
       (6, 33, 94, '70.21%', 5.47, 'Safe Lane'),
       (6, 8, 80, '66.25%', 3.74, 'Safe Lane'),
       (6, 34, 79, '63.29%', 4.78, 'Safe Lane'),
       (6, 35, 70, '55.71%', 2.07, 'Off Lane '),
       (6, 7, 70, '45.71%', 3.11, 'Safe Lane'),
       (6, 36, 68, '57.35%', 2.16, 'Off Lane '),
       (7, 4, 250, '70.00%', 4.36, 'Safe Lane'),
       (7, 9, 134, '64.18%', 4.26, 'Safe Lane'),
       (7, 7, 81, '56.79%', 3.6, 'Safe Lane'),
       (7, 6, 79, '55.70%', 3.52, 'Safe Lane'),
       (7, 1, 76, '46.05%', 3.63, 'No Lane  '),
       (7, 5, 74, '59.46%', 4.02, 'Safe Lane'),
       (7, 14, 72, '56.94%', 3.45, 'Safe Lane'),
       (7, 10, 70, '60.00%', 4.17, 'Safe Lane'),
       (7, 37, 68, '64.71%', 3.89, 'Safe Lane'),
       (7, 38, 66, '56.06%', 3.96, 'Mid Lane '),
       (8, 27, 254, '64.57%', 6.56, 'Safe Lane'),
       (8, 39, 208, '62.50%', 5.47, 'Off Lane '),
       (8, 40, 193, '64.25%', 5.04, 'Off Lane '),
       (8, 4, 187, '63.10%', 5.05, 'Safe Lane'),
       (8, 41, 134, '51.49%', 4.37, 'Off Lane '),
       (8, 2, 130, '61.54%', 5.59, 'Safe Lane'),
       (8, 29, 99, '56.57%', 5.91, 'Off Lane '),
       (8, 23, 83, '54.22%', 3.12, 'Off Lane '),
       (8, 11, 77, '55.84%', 4.51, 'Mid Lane '),
       (8, 42, 72, '58.33%', 4.14, 'Off Lane '),
       (9, 31, 78, '60.26%', 7.41, 'Mid Lane '),
       (9, 37, 66, '63.64%', 4.44, 'Safe Lane'),
       (9, 1, 65, '58.46%', 7.32, 'Mid Lane '),
       (9, 15, 55, '58.18%', 5.53, 'Mid Lane '),
       (9, 28, 54, '57.41%', 7.85, 'Mid Lane '),
       (9, 11, 50, '42.00%', 3.67, 'Mid Lane '),
       (9, 8, 47, '61.70%', 5.6, 'Safe Lane'),
       (9, 13, 47, '42.55%', 5.43, 'Mid Lane '),
       (9, 40, 44, '50.00%', 4.38, 'Mid Lane '),
       (9, 12, 40, '55.00%', 6.42, 'Mid Lane '),
       (10, 43, 738, '46.34%', 2.25, 'Roaming'),
       (10, 44, 469, '56.93%', 3.34, 'Jungle '),
       (10, 21, 438, '54.57%', 3.4, 'Jungle '),
       (10, 18, 324, '57.10%', 2.92, 'Roaming'),
       (10, 45, 296, '53.04%', 3.65, 'Jungle '),
       (10, 10, 293, '48.81%', 3.53, 'Safe Lane'),
       (10, 46, 281, '46.26%', 3.16, 'Jungle '),
       (10, 2, 220, '58.18%', 3.83, 'Safe Lane'),
       (10, 40, 207, '48.79%', 3.68, 'Mid Lane '),
       (10, 17, 204, '50.98%', 2.63, 'Off Lane '),
       (11, 27, 529, '52.93%', 5.43, 'Mid Lane '),
       (11, 28, 445, '57.98%', 5.96, 'Mid Lane '),
       (11, 31, 431, '59.63%', 5.09, 'Mid Lane '),
       (11, 32, 213, '59.62%', 3.99, 'Mid Lane '),
       (11, 35, 118, '63.56%', 4.07, 'Mid Lane '),
       (11, 13, 117, '43.59%', 4.14, 'Mid Lane '),
       (11, 12, 115, '56.52%', 4.65, 'Mid Lane '),
       (11, 11, 109, '56.88%', 3.97, 'Mid Lane '),
       (11, 7, 105, '50.48%', 4.84, 'Safe Lane'),
       (11, 38, 104, '54.81%', 5.21, 'Mid Lane '),
       (12, 27, 521, '55.85%', 4.33, 'Mid Lane '),
       (12, 47, 301, '50.50%', 3.89, 'Mid Lane '),
       (12, 38, 263, '53.99%', 3.97, 'Mid Lane '),
       (12, 28, 219, '57.08%', 4.35, 'Mid Lane '),
       (12, 1, 198, '54.55%', 4, 'Mid Lane'),
       (12, 48, 187, '57.22%', 3.7, 'Mid Lane '),
       (12, 13, 173, '48.55%', 3.19, 'Mid Lane '),
       (12, 15, 156, '55.77%', 3.08, 'Mid Lane '),
       (12, 11, 141, '46.81%', 3.08, 'Mid Lane '),
       (12, 32, 138, '48.55%', 2.75, 'Mid Lane '),
       (13, 8, 574, '56.10%', 4.3, 'Safe Lane'),
       (13, 1, 431, '50.58%', 4.65, 'Safe Lane'),
       (13, 5, 423, '56.26%', 4.34, 'Safe Lane'),
       (13, 2, 403, '57.32%', 4.66, 'Safe Lane'),
       (13, 7, 339, '60.18%', 4.26, 'Safe Lane'),
       (13, 9, 270, '44.81%', 3.57, 'Safe Lane'),
       (13, 3, 253, '56.92%', 4.16, 'Safe Lane'),
       (13, 4, 252, '59.92%', 4.46, 'Safe Lane'),
       (13, 31, 235, '53.19%', 3.51, 'Mid Lane '),
       (13, 6, 202, '50.00%', 4.19, 'Safe Lane'),
       (14, 28, 269, '52.79%', 6.4, 'Mid Lane '),
       (14, 38, 183, '48.09%', 5.92, 'Mid Lane '),
       (14, 12, 175, '60.57%', 6.02, 'Mid Lane '),
       (14, 47, 168, '51.79%', 5.25, 'Mid Lane '),
       (14, 48, 161, '57.14%', 5.36, 'Mid Lane '),
       (14, 27, 159, '54.09%', 6, 'Mid Lane'),
       (14, 13, 155, '52.26%', 5.15, 'Mid Lane '),
       (14, 49, 140, '55.00%', 5.52, 'Mid Lane '),
       (14, 29, 138, '45.65%', 5.9, 'Mid Lane '),
       (14, 31, 121, '50.41%', 5.3, 'Mid Lane '),
       (15, 35, 169, '66.86%', 4.17, 'Mid Lane '),
       (15, 13, 105, '64.76%', 4.54, 'Mid Lane '),
       (15, 11, 46, '54.35%', 3.73, 'Mid Lane '),
       (15, 12, 37, '54.05%', 3.84, 'Mid Lane '),
       (15, 50, 32, '56.25%', 3.08, 'Safe Lane'),
       (15, 25, 26, '69.23%', 3.01, 'Mid Lane '),
       (15, 38, 22, '63.64%', 4.33, 'Mid Lane '),
       (15, 15, 21, '71.43%', 4.48, 'Mid Lane '),
       (15, 51, 20, '45.00%', 3.96, 'Mid Lane '),
       (15, 9, 19, '52.63%', 3.44, 'Off Lane '),
       (16, 52, 552, '63.22%', 3.7, 'Mid Lane '),
       (16, 53, 532, '65.79%', 3, 'Mid Lane'),
       (16, 54, 449, '59.91%', 4.44, 'Mid Lane '),
       (16, 51, 432, '56.71%', 3.9, 'Mid Lane '),
       (16, 21, 410, '50.98%', 3.49, 'Off Lane '),
       (16, 31, 396, '52.02%', 3.79, 'Mid Lane '),
       (16, 48, 367, '57.22%', 3.84, 'Off Lane '),
       (16, 40, 326, '49.39%', 3.39, 'Off Lane '),
       (16, 46, 318, '57.55%', 3.64, 'Off Lane '),
       (16, 11, 311, '51.77%', 3.36, 'Mid Lane '),
       (17, 31, 19, '52.63%', 3.93, 'Mid Lane '),
       (17, 4, 15, '66.67%', 6.1, 'Safe Lane'),
       (17, 52, 14, '57.14%', 3.16, 'Mid Lane '),
       (17, 13, 14, '71.43%', 3.97, 'Mid Lane '),
       (17, 23, 14, '64.29%', 3.73, 'Roaming'),
       (17, 43, 12, '25.00%', 2.75, 'Mid Lane '),
       (17, 7, 11, '54.55%', 3.47, 'Safe Lane'),
       (17, 27, 10, '90.00%', 7.59, 'Mid Lane '),
       (17, 9, 10, '60.00%', 3.81, 'Safe Lane'),
       (17, 55, 10, '60.00%', 5.72, 'Mid Lane '),
       (18, 31, 326, '58.90%', 3.91, 'Mid Lane '),
       (18, 13, 298, '62.08%', 3.98, 'Mid Lane '),
       (18, 4, 281, '60.85%', 4.17, 'Safe Lane'),
       (18, 7, 257, '59.14%', 4.48, 'Safe Lane'),
       (18, 1, 256, '55.86%', 5.44, 'Safe Lane'),
       (18, 9, 224, '62.95%', 5.44, 'Safe Lane'),
       (18, 11, 201, '55.22%', 3.09, 'Mid Lane '),
       (18, 12, 174, '59.20%', 4.48, 'Safe Lane'),
       (18, 38, 170, '58.82%', 4.8, 'Mid Lane '),
       (18, 27, 165, '59.39%', 4.27, 'Mid Lane '),
       (19, 31, 91, '69.23%', 4.89, 'Mid Lane '),
       (19, 46, 58, '70.69%', 4.79, 'Off Lane '),
       (19, 2, 50, '74.00%', 7.36, 'Safe Lane'),
       (19, 27, 41, '48.78%', 3.97, 'Safe Lane'),
       (19, 56, 40, '62.50%', 4.47, 'Safe Lane'),
       (19, 32, 36, '66.67%', 5.7, 'Mid Lane '),
       (19, 37, 31, '67.74%', 6.4, 'Safe Lane'),
       (19, 43, 30, '80.00%', 4.52, 'No Lane'),
       (19, 7, 27, '59.26%', 4.62, 'Safe Lane'),
       (19, 39, 25, '48.00%', 4.05, 'No Lane'),
       (20, 15, 151, '70.20%', 4.78, 'Mid Lane '),
       (20, 12, 141, '73.05%', 5.74, 'Mid Lane '),
       (20, 31, 125, '67.20%', 5.7, 'Mid Lane '),
       (20, 32, 120, '68.33%', 4.93, 'Mid Lane '),
       (20, 35, 120, '63.33%', 3.81, 'Mid Lane '),
       (20, 57, 109, '59.63%', 4.68, 'Mid Lane '),
       (20, 13, 108, '56.48%', 4.1, 'Mid Lane '),
       (20, 38, 89, '58.43%', 5.09, 'Mid Lane '),
       (20, 11, 79, '69.62%', 4.99, 'Mid Lane '),
       (20, 28, 66, '53.03%', 4.76, 'Mid Lane '),
       (21, 31, 1394, '60.83%', 3.93, 'Mid Lane '),
       (21, 27, 400, '58.00%', 4.57, 'Mid Lane '),
       (21, 4, 395, '53.92%', 3.72, 'Safe Lane'),
       (21, 12, 344, '56.98%', 3.81, 'Mid Lane '),
       (21, 26, 329, '53.80%', 3.53, 'Mid Lane '),
       (21, 9, 309, '51.46%', 3.5, 'Safe Lane'),
       (21, 1, 307, '51.14%', 4.31, 'Safe Lane'),
       (21, 53, 273, '64.84%', 3.14, 'Mid Lane '),
       (21, 13, 246, '58.54%', 3.62, 'Mid Lane '),
       (21, 11, 241, '47.72%', 2.92, 'Mid Lane '),
       (22, 1, 392, '56.89%', 5.21, 'Safe Lane'),
       (22, 8, 371, '58.49%', 5.32, 'Safe Lane'),
       (22, 31, 234, '61.54%', 5.4, 'Mid Lane '),
       (22, 7, 234, '62.39%', 5.19, 'Safe Lane'),
       (22, 9, 222, '58.11%', 5.71, 'Safe Lane'),
       (22, 27, 219, '58.45%', 5.98, 'Mid Lane '),
       (22, 4, 197, '50.76%', 5.16, 'Safe Lane'),
       (22, 12, 185, '51.89%', 5.04, 'Safe Lane'),
       (22, 5, 175, '57.71%', 4.96, 'Safe Lane'),
       (22, 58, 162, '54.94%', 5.02, 'Safe Lane'),
       (23, 43, 257, '49.81%', 2.26, 'Mid Lane '),
       (23, 11, 209, '54.07%', 3.09, 'Mid Lane '),
       (23, 27, 191, '53.40%', 3.75, 'Mid Lane '),
       (23, 31, 189, '49.21%', 2.93, 'Mid Lane '),
       (23, 6, 170, '54.12%', 2.53, 'Safe Lane'),
       (23, 12, 139, '59.71%', 3.39, 'Mid Lane '),
       (23, 1, 132, '56.82%', 3.59, 'Mid Lane '),
       (23, 46, 107, '60.75%', 3.01, 'Mid Lane '),
       (23, 59, 97, '57.73%', 2.47, 'Mid Lane '),
       (23, 40, 92, '55.43%', 3.11, 'Mid Lane '),
       (24, 11, 260, '55.38%', 3.54, 'Mid Lane '),
       (24, 14, 252, '64.68%', 3.74, 'Safe Lane'),
       (24, 4, 245, '66.94%', 4.29, 'Safe Lane'),
       (24, 13, 209, '61.24%', 4.33, 'Mid Lane '),
       (24, 9, 194, '63.92%', 4.58, 'Safe Lane'),
       (24, 27, 190, '61.58%', 4.77, 'Mid Lane '),
       (24, 12, 175, '68.57%', 4.33, 'Mid Lane '),
       (24, 38, 165, '52.73%', 4.5, 'Mid Lane '),
       (24, 35, 163, '69.33%', 4.14, 'Mid Lane '),
       (24, 60, 145, '63.45%', 4.08, 'Off Lane '),
       (25, 27, 72, '59.72%', 3.97, 'Mid Lane '),
       (25, 31, 69, '43.48%', 3.34, 'Mid Lane '),
       (25, 61, 53, '62.26%', 5.17, 'Mid Lane '),
       (25, 11, 52, '59.62%', 3.15, 'Mid Lane '),
       (25, 43, 50, '58.00%', 2.22, 'Off Lane '),
       (25, 47, 48, '60.42%', 3.94, 'Mid Lane '),
       (25, 13, 45, '51.11%', 3.8, 'Mid Lane '),
       (25, 62, 44, '47.73%', 2.34, 'Off Lane '),
       (25, 63, 41, '48.78%', 1.78, 'Safe Lane'),
       (25, 64, 40, '60.00%', 2.82, 'Off Lane ');



--
-- Data for Name: match; Type: TABLE DATA; Schema: public; Owner: postgres
--

INSERT INTO public.match (id, hero, result, length, kda)
VALUES (98282194736, 'Slark', 'Lost Match', '53:52', '14/6/10'),
       (6322838143, 'Naga Siren', 'Won Match ', '49:10', '13/3/22'),
       (4970215589, 'Pudge ', 'Won Match ', '12:49', '11/1/8'),
       (63252839328, 'Faceless Void ', 'Won Match ', '37:45', '27/2/14'),
       (5857010356, 'Lina', 'Lost Match', '36:50', '11/4/4'),
       (41751393952, 'Pangolier ', 'Lost Match', '42:05', '6/7/12'),
       (69010112654, 'Faceless Void ', 'Lost Match', '34:37', '6/7/16'),
       (77039505515, 'Templar Assassin', 'Lost Match', '26:18', '6/8/6'),
       (77469500329, 'Drow Ranger ', 'Lost Match', '46:33', '10/6/11'),
       (76644525275, 'Naga Siren', 'Won Match ', '32:53', '13/0/10'),
       (24270477717, 'Faceless Void ', 'Lost Match', '48:10', '12/6/10'),
       (96296120275, 'Slark ', 'Won Match ', '45:07', '11/6/13'),
       (62986760288, 'Drow Ranger ', 'Lost Match', '1:02:04', '16/8/8'),
       (17659741386, 'Naga Siren', 'Won Match ', '31:46', '7/1/14'),
       (82737033058, 'Faceless Void ', 'Lost Match', '30:17', '2/5/4'),
       (34676776571, 'Death Prophet ', 'Lost Match', '46:47', '12/4/5'),
       (10640951689, 'Batrider', 'Lost Match', '39:01', '7/8/9'),
       (72483908872, 'Tiny', 'Won Match ', '23:29', '17/7/25'),
       (79069583530, 'Lifestealer ', 'Lost Match', '15:05', '12/9/7'),
       (88939053578, 'Gyrocopter', 'Lost Match', '18:07', '12/8/16'),
       (14682341195, 'Rubick', 'Lost Match', '20:34', '7/12/18'),
       (58030454195, 'Batrider', 'Won Match ', '39:42', '20/1/25'),
       (60379805208, 'Ember Spirit', 'Won Match ', '14:59', '12/6/23'),
       (98938881760, 'Leshrac ', 'Lost Match', '30:05', '6/4/2'),
       (28143861137, 'Ember Spirit', 'Won Match ', '37:50', '18/3/12'),
       (86674718961, 'Primal Beast', 'Won Match ', '34:46', '16/0/24'),
       (80316225832, 'Ember Spirit', 'Won Match ', '50:32', '20/4/23'),
       (70716782168, 'Puck', 'Won Match ', '28:23', '13/2/9'),
       (79346951269, 'Batrider', 'Won Match ', '27:31', '6/0/11'),
       (41848016764, 'Leshrac ', 'Won Match ', '34:37', '7/9/20'),
       (47408441142, 'Dawnbreaker ', 'Won Match ', '31:30', '11/1/24'),
       (42074109006, 'Undying ', 'Won Match ', '29:35', '8/4/9'),
       (59501046441, 'Skywrath Mage ', 'Won Match ', '21:16', '14/0/16'),
       (25589843951, 'Crystal Maiden', 'Lost Match', '37:04', '1/10/14'),
       (94429280256, 'Undying ', 'Lost Match', '36:38', '7/7/16'),
       (63628114148, 'Undying ', 'Lost Match', '49:49', '3/15/24'),
       (14023571494, 'Silencer', 'Won Match ', '44:05', '6/5/27'),
       (65812971139, 'Primal Beast', 'Won Match ', '25:51', '4/1/12'),
       (25033280790, 'Silencer', 'Lost Match', '34:48', '2/5/12'),
       (85841479324, 'Undying ', 'Lost Match', '42:12', '3/8/23'),
       (59371030897, 'Crystal Maiden', 'Won Match ', '36:29', '8/7/21'),
       (29753494266, 'Undying ', 'Lost Match', '14:31', '0/4/0'),
       (9973523131, 'Crystal Maiden', 'Won Match ', '48:03', '2/7/36'),
       (49617960054, 'Silencer', 'Lost Match', '19:55', '2/3/2'),
       (53935979894, 'Primal Beast', 'Lost Match', '24:22', '6/6/7'),
       (49384122148, 'Faceless Void ', 'Won Match ', '38:42', '22/2/12'),
       (17998402953, 'Nature`s Prophet', 'Lost Match', '37:47', '3/8/8'),
       (30071736710, 'Chaos Knight', 'Won Match ', '38:59', '10/1/17'),
       (44979918832, 'Bloodseeker ', 'Lost Match', '20:48', '0/5/3'),
       (67931444301, 'Marci ', 'Lost Match', '36:32', '12/6/14'),
       (2729843195, 'Gyrocopter', 'Won Match ', '27:34', '9/3/13'),
       (87366669843, 'Monkey King ', 'Won Match ', '51:14', '13/3/13'),
       (32281834443, 'Naga Siren', 'Won Match ', '46:50', '8/3/18'),
       (68997862827, 'Morphling ', 'Won Match ', '13:02', '4/1/1'),
       (34083529807, 'Monkey King ', 'Lost Match', '44:28', '13/6/7'),
       (60709053116, 'Ursa', 'Won Match ', '24:43', '17/1/1'),
       (1776168153, 'Gyrocopter', 'Won Match ', '24:29', '10/0/6'),
       (97940473508, 'Morphling ', 'Won Match ', '33:52', '26/1/13'),
       (46039182502, 'Slark ', 'Lost Match', '37:40', '10/7/5'),
       (60799981130, 'Lifestealer ', 'Lost Match', '29:40', '3/4/2'),
       (49287332277, 'Kunkka', 'Lost Match', '41:44', '2/4/6'),
       (55800456955, 'Ember Spirit', 'Lost Match', '42:21', '8/4/16'),
       (96295118632, 'Leshrac ', 'Won Match ', '39:24', '7/7/16'),
       (78491481424, 'Leshrac ', 'Won Match ', '33:47', '2/3/14'),
       (60189898516, 'Pangolier ', 'Lost Match', '51:59', '4/2/16'),
       (4203955463, 'Tiny', 'Lost Match', '42:04', '11/6/17'),
       (56721949664, 'Primal Beast', 'Won Match ', '41:15', '12/4/20'),
       (35727557563, 'Storm Spirit', 'Won Match ', '23:11', '12/0/11'),
       (158319349, 'Primal Beast', 'Won Match ', '33:53', '10/8/22'),
       (84705215868, 'Pangolier ', 'Lost Match', '38:03', '10/9/10'),
       (66376655610, 'Visage', 'Won Match ', '26:30', '5/3/10'),
       (56889341798, 'Visage', 'Lost Match', '40:50', '10/4/14'),
       (3801371993, 'Ember Spirit', 'Won Match ', '11:32', '2/0/2'),
       (41390978634, 'Primal Beast', 'Won Match ', '35:00', '13/4/20'),
       (28053178247, 'Ember Spirit', 'Won Match ', '34:39', '2/1/11'),
       (35348670779, 'Pudge ', 'Lost Match', '51:32', '5/11/13'),
       (73519650413, 'Sniper', 'Won Match ', '43:03', '15/3/8'),
       (35187360475, 'Slardar ', 'Lost Match', '33:46', '2/6/2'),
       (79976799088, 'Lycan ', 'Won Match ', '20:53', '8/0/11'),
       (22174950615, 'Pudge ', 'Won Match ', '25:38', '14/2/13'),
       (91206075112, 'Slardar ', 'Won Match ', '37:03', '9/3/8'),
       (4221080032, 'Lone Druid', 'Won Match ', '00:50', '0/0/0'),
       (55225687419, 'Lycan ', 'Won Match ', '1:47:02', '15/4/27'),
       (20278044989, 'Lone Druid', 'Won Match ', '30:25', '5/0/4'),
       (41426251293, 'Lycan ', 'Won Match ', '39:01', '14/4/17'),
       (51349840805, 'Lycan ', 'Won Match ', '40:20', '12/0/26'),
       (83006456355, 'Slark ', 'Lost Match', '26:17', '0/4/0'),
       (88783677865, 'Ember Spirit', 'Lost Match', '23:23', '3/6/3'),
       (87823150674, 'Pudge ', 'Won Match ', '44:45', '17/3/15'),
       (64022643887, 'Morphling ', 'Won Match ', '50:39', '19/3/13'),
       (54550966436, 'Luna', 'Lost Match', '33:21', '4/3/8'),
       (58556911870, 'Anti-Mage ', 'Lost Match', '36:38', '6/3/7'),
       (61232835170, 'Terrorblade ', 'Won Match ', '29:45', '8/0/11'),
       (94199061021, 'Troll Warlord ', 'Lost Match', '34:58', '12/4/3'),
       (2081983196, 'Pudge ', 'Lost Match', '34:48', '0/5/6'),
       (91329671337, 'Ursa', 'Lost Match', '35:38', '6/5/5'),
       (83423378739, 'Ursa', 'Won Match ', '29:11', '19/1/16'),
       (17191065120, 'Terrorblade ', 'Lost Match', '44:57', '5/3/2'),
       (55878930847, 'Anti-Mage ', 'Won Match ', '30:43', '13/2/12'),
       (23405392136, 'Ursa', 'Lost Match', '46:27', '7/3/2'),
       (1480540222, 'Axe ', 'Won Match ', '36:14', '15/6/18'),
       (14372147476, 'Phantom Assassin', 'Won Match ', '24:56', '12/1/8'),
       (17059934729, 'Faceless Void ', 'Won Match ', '37:44', '8/3/7'),
       (87090645059, 'Outworld Destroyer', 'Won Match ', '58:18', '30/7/14'),
       (76193609382, 'Phantom Assassin', 'Lost Match', '33:45', '5/6/7'),
       (81607989342, 'Lycan ', 'Lost Match', '22:23', '0/2/2'),
       (15378434401, 'Primal Beast', 'Lost Match', '42:46', '2/8/10'),
       (97125590549, 'Primal Beast', 'Won Match ', '39:37', '11/2/17'),
       (4278943923, 'Visage', 'Won Match ', '38:53', '7/6/15'),
       (12357210272, 'Lycan ', 'Won Match ', '56:47', '7/1/23'),
       (42460542632, 'Mars', 'Lost Match', '30:07', '8/5/3'),
       (99317044639, 'Visage', 'Won Match ', '24:23', '10/0/7'),
       (25444910853, 'Timbersaw ', 'Won Match ', '43:06', '11/3/12'),
       (79974144131, 'Mars', 'Won Match ', '31:54', '7/3/26'),
       (38515328569, 'Mars', 'Won Match ', '31:21', '3/2/13'),
       (4235263399, 'Primal Beast', 'Lost Match', '51:28', '3/9/8'),
       (5816738617, 'Enigma', 'Lost Match', '1:02:42', '3/6/17'),
       (48839586656, 'Primal Beast', 'Won Match ', '32:01', '10/2/8'),
       (3575724119, 'Night Stalker ', 'Won Match ', '36:31', '7/4/16'),
       (80257352876, 'Mars', 'Won Match ', '30:47', '5/0/14'),
       (56651357314, 'Rubick', 'Lost Match', '40:32', '0/16/14'),
       (90402906844, 'Lina', 'Lost Match', '29:36', '4/5/5'),
       (79307708024, 'Phantom Assassin', 'Lost Match', '22:12', '2/3/4'),
       (14257896361, 'Storm Spirit', 'Won Match ', '42:15', '10/3/27'),
       (66523185642, 'Pugna ', 'Won Match ', '41:34', '9/3/25'),
       (26221821360, 'Pangolier ', 'Lost Match', '36:29', '7/6/6'),
       (42984420405, 'Templar Assassin', 'Won Match ', '37:15', '18/2/14'),
       (46475021346, 'Leshrac ', 'Won Match ', '50:48', '16/5/16'),
       (70676072506, 'Pangolier ', 'Won Match ', '39:49', '9/2/18'),
       (80051255923, 'Skywrath Mage ', 'Won Match ', '24:12', '7/3/8'),
       (46021271395, 'Death Prophet ', 'Lost Match', '20:58', '1/2/2'),
       (66038955012, 'Grimstroke', 'Lost Match', '30:34', '3/5/6'),
       (43440231118, 'Storm Spirit', 'Lost Match', '20:10', '3/4/2'),
       (85950757293, 'Razor ', 'Won Match ', '40:30', '13/3/16'),
       (17229469081, 'Queen of Pain ', 'Won Match ', '41:05', '23/1/21'),
       (63825433313, 'Nature`s Prophet', 'Lost Match', '25:12', '1/4/12'),
       (16242789079, 'Treant Protector', 'Lost Match', '25:46', '2/5/8'),
       (23644515428, 'Nature`s Prophet', 'Lost Match', '45:48', '3/8/17'),
       (31341365219, 'Pudge ', 'Won Match ', '29:44', '1/6/5'),
       (98214192307, 'Nature`s Prophet', 'Lost Match', '26:33', '2/3/3'),
       (82545750962, 'Nature`s Prophet', 'Won Match ', '11:51', '0/1/14'),
       (72964305568, 'Tiny', 'Lost Match', '28:36', '3/4/7'),
       (17733827465, 'Treant Protector', 'Won Match ', '37:15', '3/6/17'),
       (63889613194, 'Faceless Void ', 'Lost Match', '30:57', '4/5/11'),
       (608283998, 'Treant Protector', 'Lost Match', '24:32', '0/4/1'),
       (30007969533, 'Treant Protector', 'Won Match ', '13:07', '1/1/6'),
       (40713884187, 'Treant Protector', 'Lost Match', '39:33', '1/13/12'),
       (22928072435, 'Tiny', 'Lost Match', '40:12', '7/5/8'),
       (91309281963, 'Treant Protector', 'Lost Match', '1:00:40', '6/13/16'),
       (42992111923, 'Dazzle', 'Lost Match', '28:18', '2/7/3'),
       (95334748307, 'Puck', 'Won Match ', '53:19', '12/5/26'),
       (57762525246, 'Batrider', 'Lost Match', '34:11', '7/3/8'),
       (82868548666, 'Sniper', 'Lost Match', '48:00', '15/8/7'),
       (73618745596, 'Puck', 'Won Match ', '17:52', '8/1/7'),
       (18098011893, 'Batrider', 'Lost Match', '26:57', '6/7/6'),
       (53431178392, 'Tusk', 'Lost Match', '35:37', '6/7/10'),
       (31987404427, 'Tusk', 'Won Match ', '28:56', '13/3/12'),
       (18446206584, 'Leshrac ', 'Lost Match', '26:56', '3/5/7'),
       (43696499663, 'Pangolier ', 'Lost Match', '41:17', '4/10/11'),
       (56848213887, 'Ember Spirit', 'Lost Match', '40:02', '17/5/12'),
       (48528581971, 'Ember Spirit', 'Lost Match', '49:25', '16/4/14'),
       (9293627481, 'Leshrac ', 'Lost Match', '28:55', '6/5/8'),
       (95388288784, 'Pangolier ', 'Won Match ', '24:58', '6/4/19'),
       (49389107412, 'Leshrac ', 'Lost Match', '45:34', '10/7/15'),
       (75071540961, 'Pangolier ', 'Lost Match', '19:13', '1/6/5'),
       (99770770172, 'Morphling ', 'Won Match ', '47:47', '22/3/8'),
       (81666616400, 'Faceless Void ', 'Won Match ', '35:39', '5/8/12'),
       (959875250, 'Morphling ', 'Lost Match', '1:05:12', '20/6/13'),
       (91867854832, 'Slark ', 'Won Match ', '33:08', '4/6/11'),
       (67490580939, 'Batrider', 'Won Match ', '25:16', '15/2/9'),
       (78510946737, 'Slark ', 'Lost Match', '36:26', '6/11/6'),
       (5314104707, 'Chaos Knight', 'Won Match ', '41:29', '11/7/13'),
       (11038706877, 'Sand King ', 'Won Match ', '00:34', '0/0/0'),
       (43819372447, 'Doom', 'Won Match ', '37:31', '8/3/25'),
       (16424706875, 'Morphling ', 'Lost Match', '38:09', '7/5/6'),
       (58659110034, 'Ember Spirit', 'Won Match ', '35:56', '17/5/28'),
       (73075652457, 'Slark ', 'Won Match ', '15:30', '0/1/9'),
       (10020568437, 'Void Spirit ', 'Lost Match', '11:48', '0/1/1'),
       (21627337760, 'Ursa', 'Lost Match', '33:14', '7/9/5'),
       (77986787696, 'Ember Spirit', 'Lost Match', '45:45', '9/8/13'),
       (57059395278, 'Monkey King ', 'Lost Match', '38:05', '7/2/6'),
       (57512001842, 'Templar Assassin', 'Won Match ', '55:18', '0/0/0'),
       (89199148371, 'Faceless Void ', 'Lost Match', '24:52', '2/5/3'),
       (47057402836, 'Templar Assassin', 'Won Match ', '44:07', '13/6/17'),
       (457854429, 'Terrorblade ', 'Won Match ', '32:18', '12/1/8'),
       (27946761195, 'Ursa', 'Won Match ', '27:36', '8/0/7'),
       (45026710158, 'Morphling ', 'Lost Match', '40:25', '5/4/6'),
       (15161050204, 'Lina', 'Lost Match', '37:07', '5/4/4'),
       (36657274158, 'Naga Siren', 'Lost Match', '35:40', '2/8/7'),
       (37061418871, 'Slark ', 'Lost Match', '34:36', '3/5/4'),
       (60867233243, 'Lina', 'Lost Match', '24:17', '6/4/4'),
       (11088476764, 'Morphling ', 'Lost Match', '50:24', '14/4/14'),
       (75042608736, 'Drow Ranger ', 'Lost Match', '41:44', '9/7/17'),
       (46541770331, 'Sven', 'Lost Match', '46:19', '15/8/16'),
       (95287779198, 'Terrorblade ', 'Lost Match', '33:06', '5/9/8'),
       (55935614588, 'Puck', 'Won Match ', '38:05', '11/1/17'),
       (79679030764, 'Hoodwink', 'Lost Match', '55:18', '0/0/0'),
       (78434271179, 'Batrider', 'Won Match ', '24:52', '7/2/14'),
       (24178579395, 'Shadow Fiend', 'Lost Match', '56:12', '12/8/12'),
       (81716217292, 'Pangolier ', 'Lost Match', '55:20', '7/5/12'),
       (19570122603, 'Lina', 'Won Match ', '38:03', '11/0/11'),
       (82724263562, 'Lina', 'Won Match ', '32:23', '19/3/6'),
       (67862550001, 'Queen of Pain ', 'Won Match ', '28:59', '11/1/8'),
       (62521646844, 'Puck', 'Lost Match', '31:21', '1/5/3'),
       (23269119399, 'Shadow Fiend', 'Lost Match', '18:56', '0/5/0'),
       (21039243706, 'Pangolier ', 'Lost Match', '24:05', '1/7/3'),
       (39280717575, 'Void Spirit ', 'Lost Match', '34:03', '6/7/3'),
       (7719639063, 'Kunkka', 'Lost Match', '27:37', '3/3/4'),
       (20464947968, 'Ember Spirit', 'Lost Match', '34:22', '10/4/12'),
       (89681109888, 'Morphling ', 'Lost Match', '16:38', '2/2/0'),
       (24842641799, 'Lina', 'Lost Match', '31:47', '5/7/4'),
       (83358406208, 'Lina', 'Won Match ', '34:37', '9/3/9'),
       (10551833454, 'Visage', 'Won Match ', '21:14', '8/0/14'),
       (79563677580, 'Lina', 'Won Match ', '34:08', '14/3/12'),
       (82237827878, 'Leshrac ', 'Won Match ', '47:30', '9/5/21'),
       (86372170048, 'Shadow Fiend', 'Lost Match', '30:41', '6/6/6'),
       (43431811067, 'Ember Spirit', 'Won Match ', '32:41', '15/1/21'),
       (70861673696, 'Lone Druid', 'Lost Match', '43:41', '5/4/7'),
       (11008677184, 'Lone Druid', 'Lost Match', '25:11', '4/3/2'),
       (35489332097, 'Underlord ', 'Lost Match', '35:10', '4/3/8'),
       (97675415732, 'Lycan ', 'Lost Match', '30:30', '7/6/8'),
       (5098184098, 'Clinkz', 'Lost Match', '24:55', '5/4/11'),
       (72244540599, 'Kunkka', 'Lost Match', '28:55', '3/4/4'),
       (22316152456, 'Huskar', 'Lost Match', '28:46', '13/5/1'),
       (30063221470, 'Lone Druid', 'Won Match ', '42:46', '6/3/14'),
       (5675152526, 'Beastmaster ', 'Won Match ', '44:33', '12/2/18'),
       (86541890248, 'Visage', 'Won Match ', '40:08', '6/3/15'),
       (67183679014, 'Tidehunter', 'Won Match ', '40:02', '6/1/25'),
       (28657558521, 'Tidehunter', 'Won Match ', '33:27', '8/6/23'),
       (86086335720, 'Beastmaster ', 'Lost Match', '13:10', '0/1/1'),
       (78508429125, 'Visage', 'Won Match ', '21:53', '7/2/9'),
       (22653593746, 'Enigma', 'Won Match ', '35:39', '3/2/28'),
       (16852424765, 'Visage', 'Lost Match', '44:52', '4/8/10'),
       (60386449485, 'Broodmother ', 'Won Match ', '1:07:06', '5/8/30'),
       (5006477115, 'Beastmaster ', 'Won Match ', '38:40', '6/3/16'),
       (54739321507, 'Axe ', 'Won Match ', '39:51', '16/8/15'),
       (92768125866, 'Broodmother ', 'Won Match ', '31:49', '4/1/26'),
       (4968827119, 'Enigma', 'Won Match ', '23:51', '1/2/12'),
       (99358727020, 'Broodmother ', 'Lost Match', '32:01', '7/6/12'),
       (55508118727, 'Tidehunter', 'Won Match ', '34:49', '7/6/16'),
       (96333622646, 'Anti-Mage ', 'Lost Match', '29:20', '4/2/6'),
       (53054143399, 'Slark ', 'Lost Match', '26:24', '0/5/2'),
       (39678443450, 'Slark ', 'Lost Match', '07:48', '0/2/0'),
       (34962913196, 'Phantom Lancer', 'Lost Match', '36:07', '4/9/5'),
       (57394357723, 'Slark ', 'Won Match ', '14:54', '1/2/4'),
       (32941444181, 'Phantom Lancer', 'Won Match ', '40:33', '18/3/11'),
       (31041521290, 'Troll Warlord ', 'Lost Match', '31:26', '7/4/2'),
       (59905630465, 'Juggernaut', 'Won Match ', '30:44', '14/1/11'),
       (95524765674, 'Bristleback ', 'Won Match ', '29:55', '6/2/9'),
       (10346358626, 'Anti-Mage ', 'Won Match ', '32:33', '8/1/13'),
       (53799908203, 'Juggernaut', 'Lost Match', '28:04', '9/2/4'),
       (63593950171, 'Ursa', 'Won Match ', '22:50', '2/2/4'),
       (95186112488, 'Juggernaut', 'Won Match ', '20:57', '3/0/4'),
       (20485680041, 'Juggernaut', 'Won Match ', '21:59', '7/1/2'),
       (97144618603, 'Sven', 'Lost Match', '49:55', '11/9/15'),
       (59745031413, 'Riki', 'Won Match ', '32:28', '13/4/13'),
       (6009810697, 'Slark ', 'Won Match ', '32:40', '11/3/12'),
       (22144218493, 'Shadow Fiend', 'Lost Match', '23:36', '7/9/2'),
       (14763284572, 'Lina', 'Lost Match', '12:24', '3/6/1'),
       (7137931103, 'Primal Beast', 'Won Match ', '37:01', '7/7/19'),
       (54248615979, 'Visage', 'Lost Match', '17:28', '2/2/2'),
       (81340900464, 'Lifestealer ', 'Lost Match', '21:35', '0/4/0'),
       (91577907682, 'Terrorblade ', 'Lost Match', '29:28', '1/9/4'),
       (44288924856, 'Phantom Assassin', 'Won Match ', '35:40', '12/3/19'),
       (5433101531, 'Lifestealer ', 'Won match ', '24:43', '12/4/13'),
       (66663215594, 'Luna', 'Won Match ', '22:10', '10/1/7'),
       (73910440246, 'Luna', 'Won Match ', '47:45', '14/3/15'),
       (60492426774, 'Enchantress ', 'Lost Match', '33:03', '8/8/11'),
       (90058800643, 'Faceless Void ', 'Lost Match', '30:40', '3/8/7'),
       (98170370189, 'Phantom Assassin', 'Lost Match', '42:10', '13/7/6'),
       (43954289020, 'Void Spirit ', 'Won Match ', '39:34', '14/6/17'),
       (61640973514, 'Silencer', 'Won Match ', '33:52', '10/2/12'),
       (69713871145, 'Lone Druid', 'Lost Match', '29:26', '13/3/9'),
       (32982247873, 'Lone Druid', 'Won Match ', '25:08', '6/2/8'),
       (45762521924, 'Drow Ranger ', 'Won Match ', '31:29', '13/2/15'),
       (5160965607, 'Lone Druid', 'Won Match ', '45:08', '10/6/23'),
       (45354509914, 'Lone Druid', 'Won Match ', '30:49', '16/0/12'),
       (81921621066, 'Lone Druid', 'Won Match ', '28:25', '17/1/14'),
       (90859369059, 'Bloodseeker ', 'Won Match ', '39:22', '18/2/6'),
       (38754586600, 'Weaver', 'Lost Match', '33:31', '10/5/6'),
       (42822872384, 'Void Spirit ', 'Won Match ', '38:21', '24/4/15'),
       (70489951729, 'Weaver', 'Won Match ', '44:44', '19/1/23'),
       (20896946483, 'Drow Ranger ', 'Lost Match', '37:22', '10/3/7'),
       (23030075244, 'Drow Ranger ', 'Won Match ', '36:15', '8/4/18'),
       (67772372204, 'Lone Druid', 'Lost Match', '35:23', '6/3/9'),
       (75670446091, 'Medusa', 'Won Match ', '50:46', '11/7/15'),
       (53723224256, 'Puck', 'Won Match ', '37:19', '6/3/20'),
       (11143974434, 'Kunkka', 'Lost Match', '32:22', '5/6/17'),
       (32206127396, 'Puck', 'Won Match ', '20:47', '7/1/5'),
       (43415798331, 'Morphling ', 'Lost Match', '29:07', '0/9/4'),
       (95670924044, 'Leshrac ', 'Won Match ', '32:37', '9/3/18'),
       (92485814870, 'Huskar', 'Won Match ', '41:49', '9/8/11'),
       (89993703285, 'Leshrac ', 'Won Match ', '35:59', '15/5/6'),
       (20083477803, 'Lina', 'Won Match ', '28:57', '11/0/5'),
       (27285761424, 'Zeus', 'Won Match ', '58:11', '11/4/32'),
       (95491439233, 'Naga Siren', 'Lost Match', '29:35', '2/4/1'),
       (94783261559, 'Lina', 'Won Match ', '32:07', '9/3/10'),
       (68008216134, 'Shadow Fiend', 'Won Match ', '34:21', '14/5/15'),
       (94568546798, 'Magnus', 'Lost Match', '25:01', '2/8/5'),
       (99570234255, 'Magnus', 'Won Match ', '27:24', '15/2/9'),
       (5162113651, 'Puck', 'Won Match ', '25:13', '16/2/23'),
       (29730262224, 'Lifestealer ', 'Lost Match', '30:57', '4/6/5'),
       (75365907036, 'Faceless Void ', 'Lost Match', '28:40', '6/8/12'),
       (73234036170, 'Monkey King ', 'Won Match ', '36:50', '10/8/11'),
       (55686449497, 'Batrider', 'Lost Match', '37:17', '15/7/13'),
       (68894654776, 'Tusk', 'Won Match ', '41:33', '8/4/16'),
       (6013002326, 'Void Spirit ', 'Won Match ', '37:51', '11/3/24'),
       (21051162987, 'Pangolier ', 'Lost Match', '31:46', '11/4/10'),
       (23162579620, 'Drow Ranger ', 'Won Match ', '30:17', '11/2/9'),
       (40528433464, 'Ember Spirit', 'Lost Match', '33:38', '7/7/12'),
       (52420399837, 'Lina', 'Lost Match', '32:01', '2/9/3'),
       (73470406136, 'Puck', 'Lost Match', '28:27', '6/6/5'),
       (47896304760, 'Kunkka', 'Lost Match', '22:54', '4/8/5'),
       (55036703237, 'Pugna ', 'Lost Match', '42:48', '10/12/9'),
       (20487913584, 'Ember Spirit', 'Lost Match', '38:11', '9/7/9'),
       (22693511606, 'Drow Ranger ', 'Lost Match', '23:45', '10/5/18'),
       (85088821883, 'Outworld Destroyer', 'Lost Match', '23:28', '12/7/10'),
       (16946921155, 'Invoker ', 'Lost Match', '17:58', '8/5/15'),
       (74170855401, 'Luna', 'Won Match ', '33:23', '7/2/11'),
       (89041465029, 'Slark ', 'Won Match ', '10:25', '5/0/3'),
       (99496991962, 'Wraith King ', 'Won Match ', '47:58', '16/4/13'),
       (57518476922, 'Weaver', 'Won Match ', '41:12', '21/3/21'),
       (41211819836, 'Doom', 'Lost Match', '42:50', '12/9/6'),
       (96794093281, 'Anti-Mage ', 'Won Match ', '35:25', '10/1/23'),
       (52618147105, 'Rubick', 'Won Match ', '31:27', '3/2/17'),
       (8808379245, 'Mirana', 'Won Match ', '32:03', '2/9/21'),
       (29672740203, 'Luna', 'Won Match ', '26:51', '14/1/10'),
       (89499589446, 'Natures Prophet', 'Won Match ', '25:08', '19/0/15'),
       (88388220066, 'Lifestealer ', 'Lost Match', '31:22', '9/5/5'),
       (92332064128, 'Ember Spirit', 'Won Match ', '30:37', '14/3/14'),
       (61167820276, 'Ember Spirit', 'Won Match ', '50:05', '21/14/37'),
       (35875083210, 'Monkey King ', 'Lost Match', '45:56', '18/10/12'),
       (73328655817, 'Monkey King ', 'Won Match ', '29:33', '16/7/8'),
       (59344607196, 'Puck', 'Lost Match', '29:43', '9/5/2'),
       (30861060476, 'Shadow Fiend', 'Lost Match', '42:29', '11/15/5'),
       (72263281050, 'Pangolier ', 'Won Match ', '49:19', '20/10/13'),
       (74517122341, 'Zeus', 'Lost Match', '31:41', '5/5/8'),
       (59484286535, 'Ember Spirit', 'Won Match ', '48:41', '13/4/18'),
       (43252149608, 'Tusk', 'Lost Match', '45:14', '1/14/14'),
       (22132155966, 'Batrider', 'Lost Match', '37:18', '8/9/13'),
       (88767060133, 'Ember Spirit', 'Won Match ', '33:06', '12/2/21'),
       (98001338609, 'Tusk', 'Won Match ', '33:36', '9/4/10'),
       (46684902085, 'Lina', 'Lost Match', '35:05', '9/6/6'),
       (42985020737, 'Zeus', 'Lost Match', '45:14', '11/4/15'),
       (68096407868, 'Shadow Fiend', 'Lost Match', '31:13', '2/1/3'),
       (26909479599, 'Chaos Knight', 'Lost Match', '12:01', '7/5/5'),
       (1092574173, 'Skywrath Mage ', 'Won Match ', '17:55', '10/7/17'),
       (90172226772, 'Tusk', 'Won Match ', '20:48', '7/12/17'),
       (53325681974, 'Slardar ', 'Lost Match', '17:59', '5/8/8'),
       (28106417211, 'Slardar ', 'Lost Match', '15:02', '6/7/8'),
       (48742028498, 'Slardar ', 'Lost Match', '21:09', '17/8/10'),
       (19377923509, 'Juggernaut', 'Lost Match', '15:07', '5/7/8'),
       (61614320469, 'Rubick', 'Won Match ', '12:19', '8/3/11'),
       (52821983913, 'Juggernaut', 'Lost Match', '15:17', '8/7/13'),
       (80694065432, 'Rubick', 'Lost Match', '18:06', '4/8/23'),
       (19912546655, 'Lifestealer ', 'Won Match ', '17:56', '12/3/19'),
       (92227292826, 'Venomancer', 'Lost Match', '32:18', '3/11/7'),
       (59367517060, 'Juggernaut', 'Lost Match', '15:04', '6/10/6'),
       (57522081240, 'Terrorblade ', 'Lost Match', '18:08', '13/8/7'),
       (65599544501, 'Storm Spirit', 'Lost Match', '21:11', '10/6/13'),
       (70637149074, 'Templar Assassin', 'Won Match ', '43:13', '11/1/16'),
       (42793288324, 'Ember Spirit', 'Won Match ', '27:43', '10/5/18'),
       (90332844764, 'Clockwerk ', 'Lost Match', '30:59', '2/8/14'),
       (64049961102, 'Jakiro', 'Won Match ', '18:18', '3/3/8'),
       (10539142708, 'Earthshaker ', 'Won Match ', '21:52', '1/2/9'),
       (27110242676, 'Bloodseeker ', 'Lost Match', '29:22', '8/4/4'),
       (71724413708, 'Slark ', 'Won Match ', '31:56', '9/2/10'),
       (77846922990, 'Visage', 'Lost Match', '21:59', '1/5/0'),
       (59189318461, 'Broodmother ', 'Won Match ', '37:42', '9/1/7'),
       (24780540901, 'Luna', 'Won Match ', '21:23', '4/3/16'),
       (99718622476, 'Broodmother ', 'Won Match ', '33:21', '10/2/13'),
       (61468247949, 'Broodmother ', 'Lost Match', '27:42', '3/4/0'),
       (74997185072, 'Faceless Void ', 'Lost Match', '37:14', '6/7/5'),
       (81892227521, 'Skywrath Mage ', 'Lost Match', '44:08', '4/13/19'),
       (89879829078, 'Slark ', 'Won Match ', '31:40', '6/1/26');



--
-- Data for Name: one_to_many; Type: TABLE DATA; Schema: public; Owner: postgres
--

INSERT INTO public.one_to_many (player_id, match_id)
VALUES (1, 98282194736),
       (1, 6322838143),
       (1, 4970215589),
       (1, 63252839328),
       (1, 5857010356),
       (1, 41751393952),
       (1, 69010112654),
       (1, 77039505515),
       (1, 77469500329),
       (1, 76644525275),
       (1, 24270477717),
       (1, 96296120275),
       (1, 62986760288),
       (1, 17659741386),
       (1, 82737033058),
       (2, 34676776571),
       (2, 10640951689),
       (2, 72483908872),
       (2, 79069583530),
       (2, 88939053578),
       (2, 14682341195),
       (2, 58030454195),
       (2, 60379805208),
       (2, 98938881760),
       (2, 28143861137),
       (2, 86674718961),
       (2, 80316225832),
       (2, 70716782168),
       (2, 79346951269),
       (2, 41848016764),
       (3, 47408441142),
       (3, 42074109006),
       (3, 59501046441),
       (3, 25589843951),
       (3, 94429280256),
       (3, 63628114148),
       (3, 14023571494),
       (3, 65812971139),
       (3, 25033280790),
       (3, 85841479324),
       (3, 59371030897),
       (3, 29753494266),
       (3, 9973523131),
       (3, 49617960054),
       (3, 53935979894),
       (4, 49384122148),
       (4, 17998402953),
       (4, 30071736710),
       (4, 44979918832),
       (4, 67931444301),
       (4, 2729843195),
       (4, 87366669843),
       (4, 32281834443),
       (4, 68997862827),
       (4, 34083529807),
       (4, 60709053116),
       (4, 1776168153),
       (4, 97940473508),
       (4, 46039182502),
       (4, 60799981130),
       (5, 49287332277),
       (5, 55800456955),
       (5, 96295118632),
       (5, 78491481424),
       (5, 60189898516),
       (5, 4203955463),
       (5, 56721949664),
       (5, 35727557563),
       (5, 158319349),
       (5, 84705215868),
       (5, 66376655610),
       (5, 56889341798),
       (5, 3801371993),
       (5, 41390978634),
       (5, 28053178247),
       (6, 35348670779),
       (6, 73519650413),
       (6, 35187360475),
       (6, 79976799088),
       (6, 22174950615),
       (6, 91206075112),
       (6, 4221080032),
       (6, 55225687419),
       (6, 20278044989),
       (6, 41426251293),
       (6, 51349840805),
       (6, 83006456355),
       (6, 88783677865),
       (6, 87823150674),
       (6, 64022643887),
       (7, 54550966436),
       (7, 58556911870),
       (7, 61232835170),
       (7, 94199061021),
       (7, 2081983196),
       (7, 91329671337),
       (7, 83423378739),
       (7, 17191065120),
       (7, 55878930847),
       (7, 23405392136),
       (7, 1480540222),
       (7, 14372147476),
       (7, 17059934729),
       (7, 87090645059),
       (7, 76193609382),
       (8, 81607989342),
       (8, 15378434401),
       (8, 97125590549),
       (8, 4278943923),
       (8, 12357210272),
       (8, 42460542632),
       (8, 99317044639),
       (8, 25444910853),
       (8, 79974144131),
       (8, 38515328569),
       (8, 4235263399),
       (8, 5816738617),
       (8, 48839586656),
       (8, 3575724119),
       (8, 80257352876),
       (9, 56651357314),
       (9, 90402906844),
       (9, 79307708024),
       (9, 14257896361),
       (9, 66523185642),
       (9, 26221821360),
       (9, 42984420405),
       (9, 46475021346),
       (9, 70676072506),
       (9, 80051255923),
       (9, 46021271395),
       (9, 66038955012),
       (9, 43440231118),
       (9, 85950757293),
       (9, 17229469081),
       (10, 63825433313),
       (10, 16242789079),
       (10, 23644515428),
       (10, 31341365219),
       (10, 98214192307),
       (10, 82545750962),
       (10, 72964305568),
       (10, 17733827465),
       (10, 63889613194),
       (10, 608283998),
       (10, 30007969533),
       (10, 40713884187),
       (10, 22928072435),
       (10, 91309281963),
       (10, 42992111923),
       (11, 95334748307),
       (11, 57762525246),
       (11, 82868548666),
       (11, 73618745596),
       (11, 18098011893),
       (11, 53431178392),
       (11, 31987404427),
       (11, 18446206584),
       (11, 43696499663),
       (11, 56848213887),
       (11, 48528581971),
       (11, 9293627481),
       (11, 95388288784),
       (11, 49389107412),
       (11, 75071540961),
       (12, 99770770172),
       (12, 81666616400),
       (12, 959875250),
       (12, 91867854832),
       (12, 67490580939),
       (12, 78510946737),
       (12, 5314104707),
       (12, 11038706877),
       (12, 43819372447),
       (12, 16424706875),
       (12, 58659110034),
       (12, 73075652457),
       (12, 10020568437),
       (12, 21627337760),
       (12, 77986787696),
       (13, 57059395278),
       (13, 57512001842),
       (13, 89199148371),
       (13, 47057402836),
       (13, 457854429),
       (13, 27946761195),
       (13, 45026710158),
       (13, 15161050204),
       (13, 36657274158),
       (13, 37061418871),
       (13, 60867233243),
       (13, 11088476764),
       (13, 75042608736),
       (13, 46541770331),
       (13, 95287779198),
       (14, 55935614588),
       (14, 79679030764),
       (14, 78434271179),
       (14, 24178579395),
       (14, 81716217292),
       (14, 19570122603),
       (14, 82724263562),
       (14, 67862550001),
       (14, 62521646844),
       (14, 23269119399),
       (14, 21039243706),
       (14, 39280717575),
       (14, 7719639063),
       (14, 20464947968),
       (14, 89681109888),
       (15, 24842641799),
       (15, 83358406208),
       (15, 10551833454),
       (15, 79563677580),
       (15, 82237827878),
       (15, 86372170048),
       (15, 43431811067),
       (15, 70861673696),
       (15, 11008677184),
       (15, 35489332097),
       (15, 97675415732),
       (15, 5098184098),
       (15, 72244540599),
       (15, 22316152456),
       (15, 30063221470),
       (16, 5675152526),
       (16, 86541890248),
       (16, 67183679014),
       (16, 28657558521),
       (16, 86086335720),
       (16, 78508429125),
       (16, 22653593746),
       (16, 16852424765),
       (16, 60386449485),
       (16, 5006477115),
       (16, 54739321507),
       (16, 92768125866),
       (16, 4968827119),
       (16, 99358727020),
       (16, 55508118727),
       (17, 96333622646),
       (17, 53054143399),
       (17, 39678443450),
       (17, 34962913196),
       (17, 57394357723),
       (17, 32941444181),
       (17, 31041521290),
       (17, 59905630465),
       (17, 95524765674),
       (17, 10346358626),
       (17, 53799908203),
       (17, 63593950171),
       (17, 95186112488),
       (17, 20485680041),
       (17, 97144618603),
       (18, 59745031413),
       (18, 6009810697),
       (18, 22144218493),
       (18, 14763284572),
       (18, 7137931103),
       (18, 54248615979),
       (18, 81340900464),
       (18, 91577907682),
       (18, 44288924856),
       (18, 5433101531),
       (18, 66663215594),
       (18, 73910440246),
       (18, 60492426774),
       (18, 90058800643),
       (18, 98170370189),
       (19, 43954289020),
       (19, 61640973514),
       (19, 69713871145),
       (19, 32982247873),
       (19, 45762521924),
       (19, 5160965607),
       (19, 45354509914),
       (19, 81921621066),
       (19, 90859369059),
       (19, 38754586600),
       (19, 42822872384),
       (19, 70489951729),
       (19, 20896946483),
       (19, 23030075244),
       (19, 67772372204),
       (20, 75670446091),
       (20, 53723224256),
       (20, 11143974434),
       (20, 32206127396),
       (20, 43415798331),
       (20, 95670924044),
       (20, 92485814870),
       (20, 89993703285),
       (20, 20083477803),
       (20, 27285761424),
       (20, 95491439233),
       (20, 94783261559),
       (20, 68008216134),
       (20, 94568546798),
       (20, 99570234255),
       (21, 5162113651),
       (21, 29730262224),
       (21, 75365907036),
       (21, 73234036170),
       (21, 55686449497),
       (21, 68894654776),
       (21, 6013002326),
       (21, 21051162987),
       (21, 23162579620),
       (21, 40528433464),
       (21, 52420399837),
       (21, 73470406136),
       (21, 47896304760),
       (21, 55036703237),
       (21, 20487913584),
       (22, 22693511606),
       (22, 85088821883),
       (22, 16946921155),
       (22, 74170855401),
       (22, 89041465029),
       (22, 99496991962),
       (22, 57518476922),
       (22, 41211819836),
       (22, 96794093281),
       (22, 52618147105),
       (22, 8808379245),
       (22, 29672740203),
       (22, 89499589446),
       (22, 88388220066),
       (22, 92332064128),
       (23, 61167820276),
       (23, 35875083210),
       (23, 73328655817),
       (23, 59344607196),
       (23, 30861060476),
       (23, 72263281050),
       (23, 74517122341),
       (23, 59484286535),
       (23, 43252149608),
       (23, 22132155966),
       (23, 88767060133),
       (23, 98001338609),
       (23, 46684902085),
       (23, 42985020737),
       (23, 68096407868),
       (24, 26909479599),
       (24, 1092574173),
       (24, 90172226772),
       (24, 53325681974),
       (24, 28106417211),
       (24, 48742028498),
       (24, 19377923509),
       (24, 61614320469),
       (24, 52821983913),
       (24, 80694065432),
       (24, 19912546655),
       (24, 92227292826),
       (24, 59367517060),
       (24, 57522081240),
       (24, 65599544501),
       (25, 70637149074),
       (25, 42793288324),
       (25, 90332844764),
       (25, 64049961102),
       (25, 10539142708),
       (25, 27110242676),
       (25, 71724413708),
       (25, 77846922990),
       (25, 59189318461),
       (25, 24780540901),
       (25, 99718622476),
       (25, 61468247949),
       (25, 74997185072),
       (25, 81892227521),
       (25, 89879829078);

--
-- Data for Name: top_players; Type: TABLE DATA; Schema: public; Owner: postgres
--

INSERT INTO public.top_players (id, name, region, win_rate, lane)
VALUES (1, 'TLN.23savage', 'SE Asia', '52.89%', 'Safe Lane'),
       (2, '', 'China', '55.54%', 'Mid Lane'),
       (3, ';]', 'Russia', '55.71%', 'Safe Lane'),
       (4, 'ThunderP.Pakazs', 'US East', '54.96%', 'Safe Lane'),
       (5, 'PSG.LGD.NothingToSay', 'Unknown', '60.68%', 'Mid Lane'),
       (6, 'winland', 'Unknown', '54.48%', 'Safe Lane'),
       (7, 'Ex calibur', 'Unknown', '56.04%', 'Safe Lane'),
       (8, 'offlane', 'Unknown', '58.83%', 'Off Lane'),
       (9, '', 'Unknown', '53.07%', 'Mid Lane'),
       (10, 'z12^[OoPs]', 'Unknown', '50.87%', 'Mid Lane'),
       (11, 'DRX Zeka', 'SE Asia', '54.40%', 'Mid Lane'),
       (12, '1', 'China', '51.24%', 'Mid Lane'),
       (13, 'watson`', 'Russia', '53.06%', 'Safe Lane'),
       (14, 'My Desired Prison', 'SE Asia', '51.26%', 'Mid Lane'),
       (15, 'life', 'China', '58.72%', 'Safe Lane'),
       (16, 'Tundra.33', 'Unknown', '53.33%', 'Off Lane'),
       (17, 'SKERE Xd', 'US East', '53.62%', 'Safe Lane'),
       (18, 'magia', 'China', '57.43%', 'Safe Lane'),
       (19, 'Muramasa', 'Unknown', '65.55%', 'Mid Lane'),
       (20, '', 'China', '61.77%', 'Mid Lane'),
       (21, '>', 'SE Asia', '53.79%', 'Mid Lane'),
       (22, 'OG.Yuragi', 'Russia', '55.75%', 'Safe Lane'),
       (23, '', 'US East', '53.98%', 'Mid Lane'),
       (24, '123', 'China', '60.19%', 'Off Lane'),
       (25, '1', 'SE Asia', '53.48%', 'Mid Lane');

--
-- Name: top_players_id_seq; Type: SEQUENCE SET; Schema: public; Owner: postgres
--

SELECT pg_catalog.setval('public.top_players_id_seq', 25, true);


--
-- Name: favourite_heroes favourite_heroes_pkey; Type: CONSTRAINT; Schema: public; Owner: postgres
--

ALTER TABLE ONLY public.favourite_heroes
    ADD CONSTRAINT favourite_heroes_pkey PRIMARY KEY (id);


--
-- Name: match match_pkey; Type: CONSTRAINT; Schema: public; Owner: postgres
--

ALTER TABLE ONLY public.match
    ADD CONSTRAINT match_pkey PRIMARY KEY (id);


--
-- Name: one_to_many one_to_many_match_id_key; Type: CONSTRAINT; Schema: public; Owner: postgres
--

ALTER TABLE ONLY public.one_to_many
    ADD CONSTRAINT one_to_many_match_id_key UNIQUE (match_id);


--
-- Name: top_players top_players_pkey; Type: CONSTRAINT; Schema: public; Owner: postgres
--

ALTER TABLE ONLY public.top_players
    ADD CONSTRAINT top_players_pkey PRIMARY KEY (id);


--
-- Name: many_to_many many_to_many_hero_id_fkey; Type: FK CONSTRAINT; Schema: public; Owner: postgres
--

ALTER TABLE ONLY public.many_to_many
    ADD CONSTRAINT many_to_many_hero_id_fkey FOREIGN KEY (hero_id) REFERENCES public.favourite_heroes (id);


--
-- Name: many_to_many many_to_many_player_id_fkey; Type: FK CONSTRAINT; Schema: public; Owner: postgres
--

ALTER TABLE ONLY public.many_to_many
    ADD CONSTRAINT many_to_many_player_id_fkey FOREIGN KEY (player_id) REFERENCES public.top_players (id);


--
-- Name: match match_id_fkey; Type: FK CONSTRAINT; Schema: public; Owner: postgres
--

ALTER TABLE ONLY public.match
    ADD CONSTRAINT match_id_fkey FOREIGN KEY (id) REFERENCES public.one_to_many (match_id);


--
-- Name: one_to_many one_to_many_player_id_fkey; Type: FK CONSTRAINT; Schema: public; Owner: postgres
--

ALTER TABLE ONLY public.one_to_many
    ADD CONSTRAINT one_to_many_player_id_fkey FOREIGN KEY (player_id) REFERENCES public.top_players (id);


--
-- PostgreSQL database dump complete
--

